<?xml version="1.0"?>
<!--<!DOCTYPE metadata SYSTEM "http://www.esri.com/metadata/esriprof80.dtd">-->
<metadata xml:lang="en"><Esri><MetaID>{93A54137-650A-4F77-9B4F-5BACDD01FAEE}</MetaID><CreaDate>20050801</CreaDate><CreaTime>16431500</CreaTime><SyncOnce>TRUE</SyncOnce><DataProperties><lineage><Process Name="DefineProjection_3" ToolSource="C:\Archivos de programa\ArcGIS\ArcToolbox\Toolboxes\Data Management Tools.tbx\DefineProjection" Date="20050801" Time="164315">DefineProjection C:\sig1\coordenadas\cundinamarca.shp GEOGCS['GCS_Bogota',DATUM['D_Bogota',SPHEROID['International_1924',6378388.0,297.0]],PRIMEM['Greenwich',0.0],UNIT['Degree',0.0174532925199433]] C:\sig1\coordenadas\cundinamarca.shp</Process><Process Name="DefineProjection_4" ToolSource="C:\Archivos de programa\ArcGIS\ArcToolbox\Toolboxes\Data Management Tools.tbx\DefineProjection" Date="20050801" Time="164409">DefineProjection C:\sig1\coordenadas\cundinamarca.shp GEOGCS['GCS_Bogota',DATUM['D_Bogota',SPHEROID['International_1924',6378388.0,297.0]],PRIMEM['Greenwich',0.0],UNIT['Degree',0.0174532925199433]] C:\sig1\coordenadas\cundinamarca.shp</Process><Process Name="DefineProjection_1" ToolSource="C:\Archivos de programa\ArcGIS\ArcToolbox\Toolboxes\Data Management Tools.tbx\DefineProjection" Date="20070423" Time="230437">DefineProjection C:\Materias\Curso\coordenadas\cundinamarca.shp {B286C06B-0879-11D2-AACA-00C04FA33C20} C:\Materias\Curso\coordenadas\cundinamarca.shp</Process></lineage></DataProperties></Esri></metadata>
